{
    "format_version": "1.21.30",
    "minecraft:recipe_shaped": {
      "description": {
        "identifier": "dave:satchel"
      },
      "tags": [ "crafting_table" ],
      "pattern": [
        "XXX",
        "X#X",
        "XXX"
      ],
      "key": {
        "#": {
          "item": "minecraft:chest"
        },
        "X": {
          "item": "minecraft:leather"
        }
      },
      "result": {
        "item": "dave:satchel"
      },
      "priority": 1,
      "unlock": [
        {
          "item": "minecraft:leather"
        },
        {
          "item": "minecraft:chest"
        }
      ]
    }
  }
  