{
    "format_version": "1.8.0",
    "render_controllers": {
        "controller.render.satchel": {
            "arrays": {
                "textures": {
                    "Array.variants": [
                        "Texture.default",
                        "Texture.blue",
                        "Texture.black",
                        "Texture.red",
                        "Texture.green",
                        "Texture.brown",
                        "Texture.purple",
                        "Texture.cyan",
                        "Texture.light_gray",
                        "Texture.gray",
                        "Texture.pink",
                        "Texture.lime",
                        "Texture.yellow",
                        "Texture.light_blue",
                        "Texture.magenta",
                        "Texture.orange",
                        "Texture.white"
                    ]
                }
            },
            "geometry": "Geometry.default",
            "materials": [
                {
                    "*": "Material.default"
                }
            ],
            "textures": [
                "Array.variants[query.variant]"
            ]
        }
    }
}