{
	"format_version": "1.12.0",
	"minecraft:geometry": [
		{
			"description": {
				"identifier": "geometry.satchel",
				"texture_width": 64,
				"texture_height": 64,
				"visible_bounds_width": 2,
				"visible_bounds_height": 2.5,
				"visible_bounds_offset": [0, 0.75, 0]
			},
			"bones": [
				{
					"name": "bone",
					"pivot": [0, 0, 0],
					"cubes": [
						{"origin": [-7, 0, -3], "size": [14, 10, 6], "uv": [0, 0]},
						{"origin": [-5, 5, -4], "size": [1, 6, 1], "uv": [0, 18]},
						{"origin": [-5, 10, -3], "size": [1, 1, 1], "uv": [8, 18]},
						{"origin": [4, 10, -3], "size": [1, 1, 1], "uv": [12, 18]},
						{"origin": [-4, 5, -4], "size": [8, 1, 1], "uv": [0, 16]},
						{"origin": [4, 5, -4], "size": [1, 6, 1], "uv": [4, 18]}
					]
				}
			]
		}
	]
}