{
  "format_version": "1.21.70",
  "minecraft:item": {
    "description": {
      "identifier": "dave:purple_satchel",
      "menu_category": {
        "category": "equipment",
        "group": "minecraft:itemGroup.name.satchel"
      }
    },
    "components": {
      "minecraft:icon": {
        "textures": {
          "default": "purple_satchel",
          "dyed": "gray_satchel"
        }
      },
      "minecraft:dyeable": {
        "default_color": "#ffffff"
      },
      "minecraft:display_name": {
        "value": "Purple Satchel"
      },
      "minecraft:max_stack_size": 1,
      "minecraft:tags": {
        "tags": [
          "dave:satchel"
        ]
      }
    }
  }
}