{
  "format_version": "1.8.0",
  "minecraft:entity": {
    "description": {
      "identifier": "qidb:storage",
      "is_spawnable": false,
      "is_summonable": true,
      "is_experimental": false
    },
    "components": {
      "minecraft:damage_sensor": {
        "triggers": {
          "deals_damage": false
        }
      },
      "minecraft:pushable": {
        "is_pushable": false,
        "is_pushable_by_piston": false
      },
      "minecraft:collision_box": {
        "width": 0,
        "height": 0
      },
      "minecraft:breathable": {
        "breathes_air": true,
        "breathes_water": true
      },
      "minecraft:physics": {
        "has_gravity": false,
        "has_collision": false
      },
      "minecraft:inventory": {
        "inventory_size": 256,
        "container_type": "inventory"
      },
      "minecraft:health": {
        "min": 1,
        "value": 1,
        "max": 1
      },
      "minecraft:tick_world": {
        "radius": 2,
        "never_despawn": true
      }
    }
  }
}
